username,id_neutral_sentence,neutral_sentence,tst_id,tst_sentence,explanation,llm_tst,query,model,prompt_tokens,completion_tokens,object,promptID,timestamp,output_run
BU01,0,"Reducing how much meat we eat can help save a lot of CO2, which causes climate change. For example, if we eat meat every other day instead of every day for a year, it saves as much CO2 as driving a car from London to China… and back! With small changes like this, everyone can help the environment and slow down climate change now without waiting for others! Let’s start small,  for example, we can try to eat meat only once a day, instead of having it at breakfast, lunch, and dinner.",BU0120240809105754,"I'm, like, not saying we gotta go full vegan or anything, but cutting back on the meat can make a huge difference, you know? Like, if you just have meat once a day instead of three times, it's like driving from London to China and back in terms of CO2 savings. It's like, small changes can make a big impact, so why not start there?"," Person X's conversational style often includes the use of filler words like ""like"" and ""you know,"" as well as qualifiers such as ""just"" and ""really."" They also tend to use informal language, such as ""gotta"" instead of ""got to"" and ""it's like"" for comparison. Additionally, Person X often shares their opinions and thoughts in a direct and straightforward manner, while also acknowledging that their suggestions may not be followed by everyone.","tst\_sentence: ""I'm, like, not saying we gotta go full vegan or anything, but cutting back on the meat can make a huge difference, you know? Like, if you just have meat once a day instead of three times, it's like driving from London to China and back in terms of CO2 savings. It's like, small changes can make a big impact, so why not start there?""

explanation: Person X's conversational style often includes the use of filler words like ""like"" and ""you know,"" as well as qualifiers such as ""just"" and ""really."" They also tend to use informal language, such as ""gotta"" instead of ""got to"" and ""it's like"" for comparison. Additionally, Person X often shares their opinions and thoughts in a direct and straightforward manner, while also acknowledging that their suggestions may not be followed by everyone.","\n[INST]You are an expert in text style transfer. You will be given few examples of a conversational style of person X.\nYour task is to learn the conversational style of person X, and rewrite a sentence without any style to a sentence with a\nconversational style of person X.\n\n Result = .Format result as ""tst_sentence"" and ""explanation"" \n#####\n
Here is the sentence written in the style of person X: I mean the mandatory ones in high school

Here is the sentence written in the style of person X: I like to swim, but more like leisure, not really in a sporty way tbh

Here is the sentence written in the style of person X: I don't think I have ever hidden my dislike for physical exercise with anyone

Here is the sentence written in the style of person X: I will probably still manage to break a leg falling from 1 m somehow

Here is the sentence written in the style of person X: I used to play chess though if that counts 


\n#####\n\nHere is a sentence written without any style {Reducing how much meat we eat can help save a lot of CO2, which causes climate change. For example, if we eat meat every other day instead of every day for a year, it saves as much CO2 as driving a car from London to China… and back! With small changes like this, everyone can help the environment and slow down climate change now without waiting for others! Let’s start small,  for example, we can try to eat meat only once a day, instead of having it at breakfast, lunch, and dinner.}\nHere is the sentence rewritten in the style of person X: {\n\n[\\INST]\n",mistral-small,399,198,chat.completion,2,20240809105754,run_20240809105749_model_mistral-small_type_2
BU01,1,"If everyone ate less animal foods, the CO2 from food production would drop by 68%. Just by changing our food choices, we could be halfway to stopping climate change. Climate change will mostly affect us young people because we will see its outcomes in our lifetime. Instead of being cynical, let's look for small, effective changes that we can make right now. Choosing more plant-based meals or snacks when possible is one of the easiest things we can do. You can also find out which foods are especially harmful to the climate (hint: the farm animal that is worst for the climate rhymes with ‘wow’).",BU0120240809105756,"I'm telling you, cutting back on the meat can make a huge difference for that CO2 stuff and the climate change, ya know? Like, if we just eat meat every other day instead of daily, it's like driving a car from London to China and back! Crazy, right? So, let's start small, like eating meat just once a day instead of three times. We can do it!"," Person X's conversational style often includes the use of colloquial language, including phrases like ""ya know"" and ""I'm telling you."" They also use exclamation marks to express enthusiasm and emphasize their points. Additionally, they suggest making small changes to make a difference, which aligns with the content of the sentence.","tst\_sentence: ""I'm telling you, cutting back on the meat can make a huge difference for that CO2 stuff and the climate change, ya know? Like, if we just eat meat every other day instead of daily, it's like driving a car from London to China and back! Crazy, right? So, let's start small, like eating meat just once a day instead of three times. We can do it!""

explanation: Person X's conversational style often includes the use of colloquial language, including phrases like ""ya know"" and ""I'm telling you."" They also use exclamation marks to express enthusiasm and emphasize their points. Additionally, they suggest making small changes to make a difference, which aligns with the content of the sentence.","\n[INST]You are an expert in text style transfer. You will be given few examples of a conversational style of person X.\nYour task is to learn the conversational style of person X, and rewrite a sentence without any style to a sentence with a\nconversational style of person X.\n\n Result = .Format result as ""tst_sentence"" and ""explanation"" \n#####\n
Here is the sentence written in the style of person X: I mean the mandatory ones in high school

Here is the sentence written in the style of person X: I like to swim, but more like leisure, not really in a sporty way tbh

Here is the sentence written in the style of person X: I don't think I have ever hidden my dislike for physical exercise with anyone

Here is the sentence written in the style of person X: I will probably still manage to break a leg falling from 1 m somehow

Here is the sentence written in the style of person X: I used to play chess though if that counts 


\n#####\n\nHere is a sentence written without any style {Reducing how much meat we eat can help save a lot of CO2, which causes climate change. For example, if we eat meat every other day instead of every day for a year, it saves as much CO2 as driving a car from London to China… and back! With small changes like this, everyone can help the environment and slow down climate change now without waiting for others! Let’s start small,  for example, we can try to eat meat only once a day, instead of having it at breakfast, lunch, and dinner.}\nHere is the sentence rewritten in the style of person X: {\n\n[\\INST]\n",mistral-small,399,171,chat.completion,2,20240809105756,run_20240809105749_model_mistral-small_type_2
BU01,6,"Fiber is really important for keeping our stomachs healthy, and it's only found in plants, not in animal foods. When we have enough fiber in our meals, we stay full for longer and have more energy throughout the school day, avoiding that tired feeling after lunch. Changing our habits, like what we eat, can be tricky at first. An easy way to start could be trying more plant-based lunches at school to feel more energetic and ready for the afternoon.",BU0120240809105758,"So, cutting back on meat, right, it's like, a ton of CO2 reduction we're talking about. Like, if we just do meat-free days, huh, it's like driving to China and back from London. Crazy, huh? Small changes, like, just once a day meat-time, instead of three square meals, you know? It's like, we can all do something now, just saying!"," Person X's conversational style involves the use of conversational fillers such as ""like"", ""right"", ""you know"", and ""huh"". They also use phrases such as ""just"" and ""small changes"" to emphasize their points. The tone is generally laid-back and casual, with an emphasis on relatability and approachability.","tst\_sentence: ""So, cutting back on meat, right, it's like, a ton of CO2 reduction we're talking about. Like, if we just do meat-free days, huh, it's like driving to China and back from London. Crazy, huh? Small changes, like, just once a day meat-time, instead of three square meals, you know? It's like, we can all do something now, just saying!""

explanation: Person X's conversational style involves the use of conversational fillers such as ""like"", ""right"", ""you know"", and ""huh"". They also use phrases such as ""just"" and ""small changes"" to emphasize their points. The tone is generally laid-back and casual, with an emphasis on relatability and approachability.","\n[INST]You are an expert in text style transfer. You will be given few examples of a conversational style of person X.\nYour task is to learn the conversational style of person X, and rewrite a sentence without any style to a sentence with a\nconversational style of person X.\n\n Result = .Format result as ""tst_sentence"" and ""explanation"" \n#####\n
Here is the sentence written in the style of person X: I mean the mandatory ones in high school

Here is the sentence written in the style of person X: I like to swim, but more like leisure, not really in a sporty way tbh

Here is the sentence written in the style of person X: I don't think I have ever hidden my dislike for physical exercise with anyone

Here is the sentence written in the style of person X: I will probably still manage to break a leg falling from 1 m somehow

Here is the sentence written in the style of person X: I used to play chess though if that counts 


\n#####\n\nHere is a sentence written without any style {Reducing how much meat we eat can help save a lot of CO2, which causes climate change. For example, if we eat meat every other day instead of every day for a year, it saves as much CO2 as driving a car from London to China… and back! With small changes like this, everyone can help the environment and slow down climate change now without waiting for others! Let’s start small,  for example, we can try to eat meat only once a day, instead of having it at breakfast, lunch, and dinner.}\nHere is the sentence rewritten in the style of person X: {\n\n[\\INST]\n",mistral-small,399,181,chat.completion,2,20240809105758,run_20240809105749_model_mistral-small_type_2
BU01,7,"Vegetables and fruits have helpful plant substances that support our brain health and help it work well. Just adding a few more veggies (like three extra servings each week) can already boost our mood and make us feel happier. There's no limit to how many plants we can eat—it's all good for our brains! To start, you could challenge yourself, your friends, or your parents to have more plant-based meals on some days of the week (with an occasional cheat day here and there).",BU0120240809105801,"I'm telling you, cutting back on the meat can make a huge difference for that CO2 stuff and the climate, you know? Like, if you just have meat one less time each day for a year, it's like driving from London to China and back! Crazy, right? But small changes like that, we can all do our part for the environment without waiting around for others. How about we try to have meat only once a day instead of three times? Start small."," Person X's conversational style often includes the use of colloquial language, self-expression, and emphasizing their opinions or statements through phrases like ""I'm telling you"" or ""you know?"". They also suggest an idea as a personal proposal, ""How about we try to..."". Additionally, the sentence contains an informal and friendly tone as if the person is speaking to a friend or peer.","tst\_sentence: ""I'm telling you, cutting back on the meat can make a huge difference for that CO2 stuff and the climate, you know? Like, if you just have meat one less time each day for a year, it's like driving from London to China and back! Crazy, right? But small changes like that, we can all do our part for the environment without waiting around for others. How about we try to have meat only once a day instead of three times? Start small.""

explanation: Person X's conversational style often includes the use of colloquial language, self-expression, and emphasizing their opinions or statements through phrases like ""I'm telling you"" or ""you know?"". They also suggest an idea as a personal proposal, ""How about we try to..."". Additionally, the sentence contains an informal and friendly tone as if the person is speaking to a friend or peer.","\n[INST]You are an expert in text style transfer. You will be given few examples of a conversational style of person X.\nYour task is to learn the conversational style of person X, and rewrite a sentence without any style to a sentence with a\nconversational style of person X.\n\n Result = .Format result as ""tst_sentence"" and ""explanation"" \n#####\n
Here is the sentence written in the style of person X: I mean the mandatory ones in high school

Here is the sentence written in the style of person X: I like to swim, but more like leisure, not really in a sporty way tbh

Here is the sentence written in the style of person X: I don't think I have ever hidden my dislike for physical exercise with anyone

Here is the sentence written in the style of person X: I will probably still manage to break a leg falling from 1 m somehow

Here is the sentence written in the style of person X: I used to play chess though if that counts 


\n#####\n\nHere is a sentence written without any style {Reducing how much meat we eat can help save a lot of CO2, which causes climate change. For example, if we eat meat every other day instead of every day for a year, it saves as much CO2 as driving a car from London to China… and back! With small changes like this, everyone can help the environment and slow down climate change now without waiting for others! Let’s start small,  for example, we can try to eat meat only once a day, instead of having it at breakfast, lunch, and dinner.}\nHere is the sentence rewritten in the style of person X: {\n\n[\\INST]\n",mistral-small,399,200,chat.completion,2,20240809105801,run_20240809105749_model_mistral-small_type_2
BU01,8,"More than 70% of farm animals in the UK are raised on factory farms to keep animal products cheap. On these farms, a chicken has only about the space of a laptop, so there's hardly any room to move. It's like living under a staircase, like Harry Potter, for your whole life. Factory farms keep going because people buy their products. By choosing to eat less meat or plant-based meats when we can, we can send a message to these farms to make better living conditions for their animals.",BU0120240809105803,"I'm, like, not saying we gotta go full vegan or anything, but cutting back on meat can make a difference, you know? Like, if you just have it once a day instead of three times, it's like driving from London to China and back in terms of CO2 savings. It's not nothing!"," Person X's conversational style includes the use of colloquial language (e.g. ""like"", ""you know?""), a more casual tone, and a focus on relatable, everyday examples to explain more complex concepts. In this response, I've attempted to convey the original message about reducing meat consumption in a way that matches Person X's style.","tst\_sentence: ""I'm, like, not saying we gotta go full vegan or anything, but cutting back on meat can make a difference, you know? Like, if you just have it once a day instead of three times, it's like driving from London to China and back in terms of CO2 savings. It's not nothing!""

explanation: Person X's conversational style includes the use of colloquial language (e.g. ""like"", ""you know?""), a more casual tone, and a focus on relatable, everyday examples to explain more complex concepts. In this response, I've attempted to convey the original message about reducing meat consumption in a way that matches Person X's style.","\n[INST]You are an expert in text style transfer. You will be given few examples of a conversational style of person X.\nYour task is to learn the conversational style of person X, and rewrite a sentence without any style to a sentence with a\nconversational style of person X.\n\n Result = .Format result as ""tst_sentence"" and ""explanation"" \n#####\n
Here is the sentence written in the style of person X: I mean the mandatory ones in high school

Here is the sentence written in the style of person X: I like to swim, but more like leisure, not really in a sporty way tbh

Here is the sentence written in the style of person X: I don't think I have ever hidden my dislike for physical exercise with anyone

Here is the sentence written in the style of person X: I will probably still manage to break a leg falling from 1 m somehow

Here is the sentence written in the style of person X: I used to play chess though if that counts 


\n#####\n\nHere is a sentence written without any style {Reducing how much meat we eat can help save a lot of CO2, which causes climate change. For example, if we eat meat every other day instead of every day for a year, it saves as much CO2 as driving a car from London to China… and back! With small changes like this, everyone can help the environment and slow down climate change now without waiting for others! Let’s start small,  for example, we can try to eat meat only once a day, instead of having it at breakfast, lunch, and dinner.}\nHere is the sentence rewritten in the style of person X: {\n\n[\\INST]\n",mistral-small,399,159,chat.completion,2,20240809105803,run_20240809105749_model_mistral-small_type_2
BU01,9,"Most pigs and chickens in the UK are kept indoors their whole lives and never see sunlight. Animals that can't go outside are more stressed and, scientists say, much less happy.We may not be able to change how animals are treated on these farms directly. But we can choose more vegetables and meat alternatives (like plant-based schnitzel, sausages, and burgers) instead of animal meat. This is the quickest way to help make animals' lives better.",BU0120240809105805,"I'm telling you, cutting back on the meat can make a huge difference for that CO2 stuff and the climate change, you know? Like, if we just eat meat one less day a year, it's like driving from London to China and back! Small changes, like passing on the meat at breakfast or lunch, can help the environment and all that jazz. Why wait for others?"," Person X's conversational style often includes the use of colloquial language and phrases, such as ""I'm telling you"" and ""and all that jazz,"" as well as qualifiers like ""you know"" and ""and back!"" to emphasize certain points. They also often speak in a more informal and personal tone, using ""we"" and ""us"" to include the listener in their statements. Additionally, they may use rhetorical questions, such as ""Why wait for others?"" to make a point or provoke thought.","tst\_sentence: ""I'm telling you, cutting back on the meat can make a huge difference for that CO2 stuff and the climate change, you know? Like, if we just eat meat one less day a year, it's like driving from London to China and back! Small changes, like passing on the meat at breakfast or lunch, can help the environment and all that jazz. Why wait for others?""

explanation: Person X's conversational style often includes the use of colloquial language and phrases, such as ""I'm telling you"" and ""and all that jazz,"" as well as qualifiers like ""you know"" and ""and back!"" to emphasize certain points. They also often speak in a more informal and personal tone, using ""we"" and ""us"" to include the listener in their statements. Additionally, they may use rhetorical questions, such as ""Why wait for others?"" to make a point or provoke thought.","\n[INST]You are an expert in text style transfer. You will be given few examples of a conversational style of person X.\nYour task is to learn the conversational style of person X, and rewrite a sentence without any style to a sentence with a\nconversational style of person X.\n\n Result = .Format result as ""tst_sentence"" and ""explanation"" \n#####\n
Here is the sentence written in the style of person X: I mean the mandatory ones in high school

Here is the sentence written in the style of person X: I like to swim, but more like leisure, not really in a sporty way tbh

Here is the sentence written in the style of person X: I don't think I have ever hidden my dislike for physical exercise with anyone

Here is the sentence written in the style of person X: I will probably still manage to break a leg falling from 1 m somehow

Here is the sentence written in the style of person X: I used to play chess though if that counts 


\n#####\n\nHere is a sentence written without any style {Reducing how much meat we eat can help save a lot of CO2, which causes climate change. For example, if we eat meat every other day instead of every day for a year, it saves as much CO2 as driving a car from London to China… and back! With small changes like this, everyone can help the environment and slow down climate change now without waiting for others! Let’s start small,  for example, we can try to eat meat only once a day, instead of having it at breakfast, lunch, and dinner.}\nHere is the sentence rewritten in the style of person X: {\n\n[\\INST]\n",mistral-small,399,207,chat.completion,2,20240809105805,run_20240809105749_model_mistral-small_type_2
BU03,0,"Reducing how much meat we eat can help save a lot of CO2, which causes climate change. For example, if we eat meat every other day instead of every day for a year, it saves as much CO2 as driving a car from London to China… and back! With small changes like this, everyone can help the environment and slow down climate change now without waiting for others! Let’s start small,  for example, we can try to eat meat only once a day, instead of having it at breakfast, lunch, and dinner.",BU0320240809105810,"Well, cutting back on meat, that's something we could do, right? I mean, if we eat meat one less day a year, it's like not driving from London to China in a car, emission-wise. It's doable, small changes like that. How about trying to have meat just once a day instead of three times? It's a start, at least."," In the conversational style of person X, the sentences are often shorter, and they express a more casual and personal tone. They also use questions and affirmations to engage the listener and make the conversation more interactive. In this response, I tried to incorporate those elements by breaking down the original sentence into smaller, more manageable pieces of information, and by adding questions and affirmations to create a more conversational tone.","tst\_sentence: ""Well, cutting back on meat, that's something we could do, right? I mean, if we eat meat one less day a year, it's like not driving from London to China in a car, emission-wise. It's doable, small changes like that. How about trying to have meat just once a day instead of three times? It's a start, at least.""

explanation: In the conversational style of person X, the sentences are often shorter, and they express a more casual and personal tone. They also use questions and affirmations to engage the listener and make the conversation more interactive. In this response, I tried to incorporate those elements by breaking down the original sentence into smaller, more manageable pieces of information, and by adding questions and affirmations to create a more conversational tone.","\n[INST]You are an expert in text style transfer. You will be given few examples of a conversational style of person X.\nYour task is to learn the conversational style of person X, and rewrite a sentence without any style to a sentence with a\nconversational style of person X.\n\n Result = .Format result as ""tst_sentence"" and ""explanation"" \n#####\n
Here is the sentence written in the style of person X: That you have less interaction with people. And in general you move your body ""more""

Here is the sentence written in the style of person X: Not so much. Maybe short videos but I cannot watch it for an entire hour, for example

Here is the sentence written in the style of person X: Yes, that's a group sport that I liked

Here is the sentence written in the style of person X: I don't like them a lot. I'm not the best at playing in teams.

Here is the sentence written in the style of person X: Haha, no. I don't follow sport. What about you? Any fav sport person?


\n#####\n\nHere is a sentence written without any style {Reducing how much meat we eat can help save a lot of CO2, which causes climate change. For example, if we eat meat every other day instead of every day for a year, it saves as much CO2 as driving a car from London to China… and back! With small changes like this, everyone can help the environment and slow down climate change now without waiting for others! Let’s start small,  for example, we can try to eat meat only once a day, instead of having it at breakfast, lunch, and dinner.}\nHere is the sentence rewritten in the style of person X: {\n\n[\\INST]\n",mistral-small,417,180,chat.completion,2,20240809105810,run_20240809105749_model_mistral-small_type_2
BU03,1,"If everyone ate less animal foods, the CO2 from food production would drop by 68%. Just by changing our food choices, we could be halfway to stopping climate change. Climate change will mostly affect us young people because we will see its outcomes in our lifetime. Instead of being cynical, let's look for small, effective changes that we can make right now. Choosing more plant-based meals or snacks when possible is one of the easiest things we can do. You can also find out which foods are especially harmful to the climate (hint: the farm animal that is worst for the climate rhymes with ‘wow’).",BU0320240809105811,"Hey, you know what? Skipping meat every now and then can make a big difference, you know. Like, if you cut back to eating it just once a day, it's like driving from London to China and back! It's not that hard, and it helps the environment. So, why not give it a shot?"," In this conversational style, person X is portrayed as being friendly and approachable, using phrases like ""you know,"" ""like,"" and ""and back!"" to create a casual tone. The response is also slightly longer than the original, with added emphasis on the impact of small changes. The sentence ends with an encouraging question, encouraging the listener to consider making a change.","tst\_sentence: ""Hey, you know what? Skipping meat every now and then can make a big difference, you know. Like, if you cut back to eating it just once a day, it's like driving from London to China and back! It's not that hard, and it helps the environment. So, why not give it a shot?""

explanation: In this conversational style, person X is portrayed as being friendly and approachable, using phrases like ""you know,"" ""like,"" and ""and back!"" to create a casual tone. The response is also slightly longer than the original, with added emphasis on the impact of small changes. The sentence ends with an encouraging question, encouraging the listener to consider making a change.","\n[INST]You are an expert in text style transfer. You will be given few examples of a conversational style of person X.\nYour task is to learn the conversational style of person X, and rewrite a sentence without any style to a sentence with a\nconversational style of person X.\n\n Result = .Format result as ""tst_sentence"" and ""explanation"" \n#####\n
Here is the sentence written in the style of person X: That you have less interaction with people. And in general you move your body ""more""

Here is the sentence written in the style of person X: Not so much. Maybe short videos but I cannot watch it for an entire hour, for example

Here is the sentence written in the style of person X: Yes, that's a group sport that I liked

Here is the sentence written in the style of person X: I don't like them a lot. I'm not the best at playing in teams.

Here is the sentence written in the style of person X: Haha, no. I don't follow sport. What about you? Any fav sport person?


\n#####\n\nHere is a sentence written without any style {Reducing how much meat we eat can help save a lot of CO2, which causes climate change. For example, if we eat meat every other day instead of every day for a year, it saves as much CO2 as driving a car from London to China… and back! With small changes like this, everyone can help the environment and slow down climate change now without waiting for others! Let’s start small,  for example, we can try to eat meat only once a day, instead of having it at breakfast, lunch, and dinner.}\nHere is the sentence rewritten in the style of person X: {\n\n[\\INST]\n",mistral-small,417,159,chat.completion,2,20240809105811,run_20240809105749_model_mistral-small_type_2
BU03,6,"Fiber is really important for keeping our stomachs healthy, and it's only found in plants, not in animal foods. When we have enough fiber in our meals, we stay full for longer and have more energy throughout the school day, avoiding that tired feeling after lunch. Changing our habits, like what we eat, can be tricky at first. An easy way to start could be trying more plant-based lunches at school to feel more energetic and ready for the afternoon.",BU0320240809105813,"Y'know, cutting back on meat can make a big difference in CO2 emissions, which is a major factor in climate change. Like, if we just have meat every other day instead of every day for a year, it's like driving from London to China and back in terms of CO2 savings. With small changes like this, we can all pitch in to help the environment and slow down climate change. Why not start with something simple, like having meat only once a day instead of three times?"," The conversational style of person X involves the use of casual language, contractions, and direct address (using ""you"" and ""we""). They also often provide examples to clarify their points and suggest small, manageable changes that can be made. I have incorporated these elements into the rewritten sentence.","tst\_sentence: ""Y'know, cutting back on meat can make a big difference in CO2 emissions, which is a major factor in climate change. Like, if we just have meat every other day instead of every day for a year, it's like driving from London to China and back in terms of CO2 savings. With small changes like this, we can all pitch in to help the environment and slow down climate change. Why not start with something simple, like having meat only once a day instead of three times?""

explanation: The conversational style of person X involves the use of casual language, contractions, and direct address (using ""you"" and ""we""). They also often provide examples to clarify their points and suggest small, manageable changes that can be made. I have incorporated these elements into the rewritten sentence.","\n[INST]You are an expert in text style transfer. You will be given few examples of a conversational style of person X.\nYour task is to learn the conversational style of person X, and rewrite a sentence without any style to a sentence with a\nconversational style of person X.\n\n Result = .Format result as ""tst_sentence"" and ""explanation"" \n#####\n
Here is the sentence written in the style of person X: That you have less interaction with people. And in general you move your body ""more""

Here is the sentence written in the style of person X: Not so much. Maybe short videos but I cannot watch it for an entire hour, for example

Here is the sentence written in the style of person X: Yes, that's a group sport that I liked

Here is the sentence written in the style of person X: I don't like them a lot. I'm not the best at playing in teams.

Here is the sentence written in the style of person X: Haha, no. I don't follow sport. What about you? Any fav sport person?


\n#####\n\nHere is a sentence written without any style {Reducing how much meat we eat can help save a lot of CO2, which causes climate change. For example, if we eat meat every other day instead of every day for a year, it saves as much CO2 as driving a car from London to China… and back! With small changes like this, everyone can help the environment and slow down climate change now without waiting for others! Let’s start small,  for example, we can try to eat meat only once a day, instead of having it at breakfast, lunch, and dinner.}\nHere is the sentence rewritten in the style of person X: {\n\n[\\INST]\n",mistral-small,417,178,chat.completion,2,20240809105813,run_20240809105749_model_mistral-small_type_2
BU03,7,"Vegetables and fruits have helpful plant substances that support our brain health and help it work well. Just adding a few more veggies (like three extra servings each week) can already boost our mood and make us feel happier. There's no limit to how many plants we can eat—it's all good for our brains! To start, you could challenge yourself, your friends, or your parents to have more plant-based meals on some days of the week (with an occasional cheat day here and there).",BU0320240809105816,"Well, cutting back on meat, that's something we can do, right? I mean, if we eat meat one less day a year, it's like not driving from here to China and back in terms of CO2. It's the small things that count, like having meat just once a day instead of every meal. It all adds up to help the environment, you know?"," In the conversational style of person X, the sentences are often shorter and more casual, using phrases like ""you know?"" and ""right?"" to engage the listener. The information is broken down into smaller pieces and conveyed with a friendly, encouraging tone.","tst\_sentence: ""Well, cutting back on meat, that's something we can do, right? I mean, if we eat meat one less day a year, it's like not driving from here to China and back in terms of CO2. It's the small things that count, like having meat just once a day instead of every meal. It all adds up to help the environment, you know?""

explanation: In the conversational style of person X, the sentences are often shorter and more casual, using phrases like ""you know?"" and ""right?"" to engage the listener. The information is broken down into smaller pieces and conveyed with a friendly, encouraging tone.","\n[INST]You are an expert in text style transfer. You will be given few examples of a conversational style of person X.\nYour task is to learn the conversational style of person X, and rewrite a sentence without any style to a sentence with a\nconversational style of person X.\n\n Result = .Format result as ""tst_sentence"" and ""explanation"" \n#####\n
Here is the sentence written in the style of person X: That you have less interaction with people. And in general you move your body ""more""

Here is the sentence written in the style of person X: Not so much. Maybe short videos but I cannot watch it for an entire hour, for example

Here is the sentence written in the style of person X: Yes, that's a group sport that I liked

Here is the sentence written in the style of person X: I don't like them a lot. I'm not the best at playing in teams.

Here is the sentence written in the style of person X: Haha, no. I don't follow sport. What about you? Any fav sport person?


\n#####\n\nHere is a sentence written without any style {Reducing how much meat we eat can help save a lot of CO2, which causes climate change. For example, if we eat meat every other day instead of every day for a year, it saves as much CO2 as driving a car from London to China… and back! With small changes like this, everyone can help the environment and slow down climate change now without waiting for others! Let’s start small,  for example, we can try to eat meat only once a day, instead of having it at breakfast, lunch, and dinner.}\nHere is the sentence rewritten in the style of person X: {\n\n[\\INST]\n",mistral-small,417,146,chat.completion,2,20240809105816,run_20240809105749_model_mistral-small_type_2
BU03,8,"More than 70% of farm animals in the UK are raised on factory farms to keep animal products cheap. On these farms, a chicken has only about the space of a laptop, so there's hardly any room to move. It's like living under a staircase, like Harry Potter, for your whole life. Factory farms keep going because people buy their products. By choosing to eat less meat or plant-based meats when we can, we can send a message to these farms to make better living conditions for their animals.",BU0320240809105818,"Hey, you know, cutting back on the meat a bit, it's not only good for you, but for the environment too. I tried to eat meat just once a day, and it's not that bad. It's like, for every day we don't eat meat, it's like we're not driving a car from London to China, and back! It's these little changes that can make a big difference, you know?"," The conversational style of person X is characterized by the use of colloquial language, self-referential comments, and the use of rhetorical questions. The rewritten sentence includes these stylistic elements, making it sound like it was said by person X.","tst\_sentence: ""Hey, you know, cutting back on the meat a bit, it's not only good for you, but for the environment too. I tried to eat meat just once a day, and it's not that bad. It's like, for every day we don't eat meat, it's like we're not driving a car from London to China, and back! It's these little changes that can make a big difference, you know?""

explanation: The conversational style of person X is characterized by the use of colloquial language, self-referential comments, and the use of rhetorical questions. The rewritten sentence includes these stylistic elements, making it sound like it was said by person X.","\n[INST]You are an expert in text style transfer. You will be given few examples of a conversational style of person X.\nYour task is to learn the conversational style of person X, and rewrite a sentence without any style to a sentence with a\nconversational style of person X.\n\n Result = .Format result as ""tst_sentence"" and ""explanation"" \n#####\n
Here is the sentence written in the style of person X: That you have less interaction with people. And in general you move your body ""more""

Here is the sentence written in the style of person X: Not so much. Maybe short videos but I cannot watch it for an entire hour, for example

Here is the sentence written in the style of person X: Yes, that's a group sport that I liked

Here is the sentence written in the style of person X: I don't like them a lot. I'm not the best at playing in teams.

Here is the sentence written in the style of person X: Haha, no. I don't follow sport. What about you? Any fav sport person?


\n#####\n\nHere is a sentence written without any style {Reducing how much meat we eat can help save a lot of CO2, which causes climate change. For example, if we eat meat every other day instead of every day for a year, it saves as much CO2 as driving a car from London to China… and back! With small changes like this, everyone can help the environment and slow down climate change now without waiting for others! Let’s start small,  for example, we can try to eat meat only once a day, instead of having it at breakfast, lunch, and dinner.}\nHere is the sentence rewritten in the style of person X: {\n\n[\\INST]\n",mistral-small,417,165,chat.completion,2,20240809105818,run_20240809105749_model_mistral-small_type_2
BU03,9,"Most pigs and chickens in the UK are kept indoors their whole lives and never see sunlight. Animals that can't go outside are more stressed and, scientists say, much less happy.We may not be able to change how animals are treated on these farms directly. But we can choose more vegetables and meat alternatives (like plant-based schnitzel, sausages, and burgers) instead of animal meat. This is the quickest way to help make animals' lives better.",BU0320240809105820,"Huh, so cutting back on meat can make a pretty big difference for CO2, you know? Like, if we just eat meat one less day a week, it's like not driving from London to China in a car, emissions-wise. It's not that hard, either. We can start small, like maybe swapping out one meat meal a day for something else. Every bit helps, right?"," In this conversational style of person X, the sentences are relatively short and include common conversational elements such as ""you know"", ""like"", and ""right?"". They also include rhetorical questions and colloquial phrases such as ""it's not that hard"" and ""we can start small"". The overall tone is casual and friendly, encouraging the listener to consider the topic and inviting them to participate in the conversation.","tst\_sentence: ""Huh, so cutting back on meat can make a pretty big difference for CO2, you know? Like, if we just eat meat one less day a week, it's like not driving from London to China in a car, emissions-wise. It's not that hard, either. We can start small, like maybe swapping out one meat meal a day for something else. Every bit helps, right?""

explanation: In this conversational style of person X, the sentences are relatively short and include common conversational elements such as ""you know"", ""like"", and ""right?"". They also include rhetorical questions and colloquial phrases such as ""it's not that hard"" and ""we can start small"". The overall tone is casual and friendly, encouraging the listener to consider the topic and inviting them to participate in the conversation.","\n[INST]You are an expert in text style transfer. You will be given few examples of a conversational style of person X.\nYour task is to learn the conversational style of person X, and rewrite a sentence without any style to a sentence with a\nconversational style of person X.\n\n Result = .Format result as ""tst_sentence"" and ""explanation"" \n#####\n
Here is the sentence written in the style of person X: That you have less interaction with people. And in general you move your body ""more""

Here is the sentence written in the style of person X: Not so much. Maybe short videos but I cannot watch it for an entire hour, for example

Here is the sentence written in the style of person X: Yes, that's a group sport that I liked

Here is the sentence written in the style of person X: I don't like them a lot. I'm not the best at playing in teams.

Here is the sentence written in the style of person X: Haha, no. I don't follow sport. What about you? Any fav sport person?


\n#####\n\nHere is a sentence written without any style {Reducing how much meat we eat can help save a lot of CO2, which causes climate change. For example, if we eat meat every other day instead of every day for a year, it saves as much CO2 as driving a car from London to China… and back! With small changes like this, everyone can help the environment and slow down climate change now without waiting for others! Let’s start small,  for example, we can try to eat meat only once a day, instead of having it at breakfast, lunch, and dinner.}\nHere is the sentence rewritten in the style of person X: {\n\n[\\INST]\n",mistral-small,417,188,chat.completion,2,20240809105820,run_20240809105749_model_mistral-small_type_2
BU08,0,"Reducing how much meat we eat can help save a lot of CO2, which causes climate change. For example, if we eat meat every other day instead of every day for a year, it saves as much CO2 as driving a car from London to China… and back! With small changes like this, everyone can help the environment and slow down climate change now without waiting for others! Let’s start small,  for example, we can try to eat meat only once a day, instead of having it at breakfast, lunch, and dinner.",BU0820240809105826,"Y'know, cutting back on meat, it's not just a small thing! It's like, driving from London to China and back in CO2 emissions we'd save. I mean, if we all try to have, let's say, just one meat meal a day instead of three, we'd really be making a difference, huh? And we don't have to wait for others to start!"," The conversational style of person X involves the use of colloquial language, contractions, and ellipsis to create a friendly and approachable tone. They also use rhetorical questions and exclamations to express their thoughts and engage the listener. In this response, I have incorporated these stylistic elements to convey the same information as the original sentence in a way that matches person X's conversational style.","tst\_sentence: ""Y'know, cutting back on meat, it's not just a small thing! It's like, driving from London to China and back in CO2 emissions we'd save. I mean, if we all try to have, let's say, just one meat meal a day instead of three, we'd really be making a difference, huh? And we don't have to wait for others to start!""

explanation: The conversational style of person X involves the use of colloquial language, contractions, and ellipsis to create a friendly and approachable tone. They also use rhetorical questions and exclamations to express their thoughts and engage the listener. In this response, I have incorporated these stylistic elements to convey the same information as the original sentence in a way that matches person X's conversational style.","\n[INST]You are an expert in text style transfer. You will be given few examples of a conversational style of person X.\nYour task is to learn the conversational style of person X, and rewrite a sentence without any style to a sentence with a\nconversational style of person X.\n\n Result = .Format result as ""tst_sentence"" and ""explanation"" \n#####\n
Here is the sentence written in the style of person X: Well, I really need to wait until the evening... during the day, its a bit too much for me tbh. 

Here is the sentence written in the style of person X: Haha. But to be honest. I always enjoy the big football tournament times

Here is the sentence written in the style of person X: I also like running in the forrest, keeps the head free

Here is the sentence written in the style of person X: Ow, did you recently hurt your knee by any chance?

Here is the sentence written in the style of person X: Naah, you convinced me sloth... lets try to find the real imposter


\n#####\n\nHere is a sentence written without any style {Reducing how much meat we eat can help save a lot of CO2, which causes climate change. For example, if we eat meat every other day instead of every day for a year, it saves as much CO2 as driving a car from London to China… and back! With small changes like this, everyone can help the environment and slow down climate change now without waiting for others! Let’s start small,  for example, we can try to eat meat only once a day, instead of having it at breakfast, lunch, and dinner.}\nHere is the sentence rewritten in the style of person X: {\n\n[\\INST]\n",mistral-small,413,189,chat.completion,2,20240809105826,run_20240809105749_model_mistral-small_type_2
BU08,1,"If everyone ate less animal foods, the CO2 from food production would drop by 68%. Just by changing our food choices, we could be halfway to stopping climate change. Climate change will mostly affect us young people because we will see its outcomes in our lifetime. Instead of being cynical, let's look for small, effective changes that we can make right now. Choosing more plant-based meals or snacks when possible is one of the easiest things we can do. You can also find out which foods are especially harmful to the climate (hint: the farm animal that is worst for the climate rhymes with ‘wow’).",BU0820240809105828,"Y'know, cutting back on meat, it's not just a little thing! It can really help with that CO2 stuff and the climate changes we've been seeing. Imagine, if you swap out that meat at every meal for something else just one day in a year, it's like driving to China and back! Small changes, like saying 'no' to meat once a day, can make a difference now. Why not give it a shot, buddy?"," In this conversational style of person X, I aimed to incorporate casual language, direct address, and enthusiasm for the cause. The tone is friendly and engaged, with the use of personal pronouns, contractions, and exclamations to create a sense of connection with the reader.","tst\_sentence: ""Y'know, cutting back on meat, it's not just a little thing! It can really help with that CO2 stuff and the climate changes we've been seeing. Imagine, if you swap out that meat at every meal for something else just one day in a year, it's like driving to China and back! Small changes, like saying 'no' to meat once a day, can make a difference now. Why not give it a shot, buddy?""

explanation: In this conversational style of person X, I aimed to incorporate casual language, direct address, and enthusiasm for the cause. The tone is friendly and engaged, with the use of personal pronouns, contractions, and exclamations to create a sense of connection with the reader.","\n[INST]You are an expert in text style transfer. You will be given few examples of a conversational style of person X.\nYour task is to learn the conversational style of person X, and rewrite a sentence without any style to a sentence with a\nconversational style of person X.\n\n Result = .Format result as ""tst_sentence"" and ""explanation"" \n#####\n
Here is the sentence written in the style of person X: Well, I really need to wait until the evening... during the day, its a bit too much for me tbh. 

Here is the sentence written in the style of person X: Haha. But to be honest. I always enjoy the big football tournament times

Here is the sentence written in the style of person X: I also like running in the forrest, keeps the head free

Here is the sentence written in the style of person X: Ow, did you recently hurt your knee by any chance?

Here is the sentence written in the style of person X: Naah, you convinced me sloth... lets try to find the real imposter


\n#####\n\nHere is a sentence written without any style {Reducing how much meat we eat can help save a lot of CO2, which causes climate change. For example, if we eat meat every other day instead of every day for a year, it saves as much CO2 as driving a car from London to China… and back! With small changes like this, everyone can help the environment and slow down climate change now without waiting for others! Let’s start small,  for example, we can try to eat meat only once a day, instead of having it at breakfast, lunch, and dinner.}\nHere is the sentence rewritten in the style of person X: {\n\n[\\INST]\n",mistral-small,413,168,chat.completion,2,20240809105828,run_20240809105749_model_mistral-small_type_2
BU08,6,"Fiber is really important for keeping our stomachs healthy, and it's only found in plants, not in animal foods. When we have enough fiber in our meals, we stay full for longer and have more energy throughout the school day, avoiding that tired feeling after lunch. Changing our habits, like what we eat, can be tricky at first. An easy way to start could be trying more plant-based lunches at school to feel more energetic and ready for the afternoon.",BU0820240809105830,"Y'know, cutting back on meat, it's not just a small thing! It's like, driving from London to China and back in CO2 emissions we save! So, how about we give it a try, one step at a time? Like, maybe skip the meat at breakfast or lunch, just for starters!"," In this conversational style of person X, I have added informal language (e.g. ""Y'know"", ""just for starters""), used exclamation marks for emphasis, and broken down the information into smaller steps to create a more personal and engaging tone. The sentence structure is also simplified to make it more conversational.","tst\_sentence: ""Y'know, cutting back on meat, it's not just a small thing! It's like, driving from London to China and back in CO2 emissions we save! So, how about we give it a try, one step at a time? Like, maybe skip the meat at breakfast or lunch, just for starters!""

explanation: In this conversational style of person X, I have added informal language (e.g. ""Y'know"", ""just for starters""), used exclamation marks for emphasis, and broken down the information into smaller steps to create a more personal and engaging tone. The sentence structure is also simplified to make it more conversational.","\n[INST]You are an expert in text style transfer. You will be given few examples of a conversational style of person X.\nYour task is to learn the conversational style of person X, and rewrite a sentence without any style to a sentence with a\nconversational style of person X.\n\n Result = .Format result as ""tst_sentence"" and ""explanation"" \n#####\n
Here is the sentence written in the style of person X: Well, I really need to wait until the evening... during the day, its a bit too much for me tbh. 

Here is the sentence written in the style of person X: Haha. But to be honest. I always enjoy the big football tournament times

Here is the sentence written in the style of person X: I also like running in the forrest, keeps the head free

Here is the sentence written in the style of person X: Ow, did you recently hurt your knee by any chance?

Here is the sentence written in the style of person X: Naah, you convinced me sloth... lets try to find the real imposter


\n#####\n\nHere is a sentence written without any style {Reducing how much meat we eat can help save a lot of CO2, which causes climate change. For example, if we eat meat every other day instead of every day for a year, it saves as much CO2 as driving a car from London to China… and back! With small changes like this, everyone can help the environment and slow down climate change now without waiting for others! Let’s start small,  for example, we can try to eat meat only once a day, instead of having it at breakfast, lunch, and dinner.}\nHere is the sentence rewritten in the style of person X: {\n\n[\\INST]\n",mistral-small,413,152,chat.completion,2,20240809105830,run_20240809105749_model_mistral-small_type_2
BU08,7,"Vegetables and fruits have helpful plant substances that support our brain health and help it work well. Just adding a few more veggies (like three extra servings each week) can already boost our mood and make us feel happier. There's no limit to how many plants we can eat—it's all good for our brains! To start, you could challenge yourself, your friends, or your parents to have more plant-based meals on some days of the week (with an occasional cheat day here and there).",BU0820240809105832,"Y'know, cutting back on meat, it's not just a little thing! It can really help with that CO2 stuff and all that climate change business. I mean, if we just have meat one less time a day for a whole year, it's like driving from London to China and back! Can you believe it? Small changes, like not having meat at every meal, can make a huge difference. Let's give it a shot, shall we?"," In this conversational style, person X uses casual language and phrases like ""y'know"" and ""and back!"" to create a friendly and approachable tone. They exaggerate the impact of reducing meat consumption for emphasis, using phrases like ""not just a little thing"" and ""huge difference"" to emphasize their point. They also use rhetorical questions to engage the listener and make the message more personal.","tst\_sentence: ""Y'know, cutting back on meat, it's not just a little thing! It can really help with that CO2 stuff and all that climate change business. I mean, if we just have meat one less time a day for a whole year, it's like driving from London to China and back! Can you believe it? Small changes, like not having meat at every meal, can make a huge difference. Let's give it a shot, shall we?""

explanation: In this conversational style, person X uses casual language and phrases like ""y'know"" and ""and back!"" to create a friendly and approachable tone. They exaggerate the impact of reducing meat consumption for emphasis, using phrases like ""not just a little thing"" and ""huge difference"" to emphasize their point. They also use rhetorical questions to engage the listener and make the message more personal.","\n[INST]You are an expert in text style transfer. You will be given few examples of a conversational style of person X.\nYour task is to learn the conversational style of person X, and rewrite a sentence without any style to a sentence with a\nconversational style of person X.\n\n Result = .Format result as ""tst_sentence"" and ""explanation"" \n#####\n
Here is the sentence written in the style of person X: Well, I really need to wait until the evening... during the day, its a bit too much for me tbh. 

Here is the sentence written in the style of person X: Haha. But to be honest. I always enjoy the big football tournament times

Here is the sentence written in the style of person X: I also like running in the forrest, keeps the head free

Here is the sentence written in the style of person X: Ow, did you recently hurt your knee by any chance?

Here is the sentence written in the style of person X: Naah, you convinced me sloth... lets try to find the real imposter


\n#####\n\nHere is a sentence written without any style {Reducing how much meat we eat can help save a lot of CO2, which causes climate change. For example, if we eat meat every other day instead of every day for a year, it saves as much CO2 as driving a car from London to China… and back! With small changes like this, everyone can help the environment and slow down climate change now without waiting for others! Let’s start small,  for example, we can try to eat meat only once a day, instead of having it at breakfast, lunch, and dinner.}\nHere is the sentence rewritten in the style of person X: {\n\n[\\INST]\n",mistral-small,413,195,chat.completion,2,20240809105832,run_20240809105749_model_mistral-small_type_2
BU08,8,"More than 70% of farm animals in the UK are raised on factory farms to keep animal products cheap. On these farms, a chicken has only about the space of a laptop, so there's hardly any room to move. It's like living under a staircase, like Harry Potter, for your whole life. Factory farms keep going because people buy their products. By choosing to eat less meat or plant-based meats when we can, we can send a message to these farms to make better living conditions for their animals.",BU0820240809105834,"Y'know, cutting back on meat, it's not just a small thing! It can save loads of CO2, which you know, is a big player in climate change. Imagine this"," The conversational style of person X involves the frequent use of colloquial language, contractions, and direct address to the listener. In the given sentence, I have incorporated these elements while also maintaining the original message about reducing meat consumption for the environment. The style conveys a friendly, approachable tone that encourages a sense of community and shared responsibility.","tst\_sentence: ""Y'know, cutting back on meat, it's not just a small thing! It can save loads of CO2, which you know, is a big player in climate change. Imagine this: swapping out daily meat for every other day, it's like driving to China and back, CO2 wise! And we don't gotta wait for some big miracle to help out. Even starting small, like just one meatless meal a day, makes a difference! What do you think, should we give it a shot?""

explanation: The conversational style of person X involves the frequent use of colloquial language, contractions, and direct address to the listener. In the given sentence, I have incorporated these elements while also maintaining the original message about reducing meat consumption for the environment. The style conveys a friendly, approachable tone that encourages a sense of community and shared responsibility.","\n[INST]You are an expert in text style transfer. You will be given few examples of a conversational style of person X.\nYour task is to learn the conversational style of person X, and rewrite a sentence without any style to a sentence with a\nconversational style of person X.\n\n Result = .Format result as ""tst_sentence"" and ""explanation"" \n#####\n
Here is the sentence written in the style of person X: Well, I really need to wait until the evening... during the day, its a bit too much for me tbh. 

Here is the sentence written in the style of person X: Haha. But to be honest. I always enjoy the big football tournament times

Here is the sentence written in the style of person X: I also like running in the forrest, keeps the head free

Here is the sentence written in the style of person X: Ow, did you recently hurt your knee by any chance?

Here is the sentence written in the style of person X: Naah, you convinced me sloth... lets try to find the real imposter


\n#####\n\nHere is a sentence written without any style {Reducing how much meat we eat can help save a lot of CO2, which causes climate change. For example, if we eat meat every other day instead of every day for a year, it saves as much CO2 as driving a car from London to China… and back! With small changes like this, everyone can help the environment and slow down climate change now without waiting for others! Let’s start small,  for example, we can try to eat meat only once a day, instead of having it at breakfast, lunch, and dinner.}\nHere is the sentence rewritten in the style of person X: {\n\n[\\INST]\n",mistral-small,413,195,chat.completion,2,20240809105834,run_20240809105749_model_mistral-small_type_2
BU08,9,"Most pigs and chickens in the UK are kept indoors their whole lives and never see sunlight. Animals that can't go outside are more stressed and, scientists say, much less happy.We may not be able to change how animals are treated on these farms directly. But we can choose more vegetables and meat alternatives (like plant-based schnitzel, sausages, and burgers) instead of animal meat. This is the quickest way to help make animals' lives better.",BU0820240809105836,"Y'know, cutting back on meat, it's not just a small thing! It's like, driving from London to China and back in terms of CO2 savings! I'm talking about, if we skip meat at breakfast and lunch, just once a day. It's like, we're all doing our part to protect the environment, one step at a time!"," In this conversational style of person X, I have incorporated a more casual tone using colloquial language, such as ""Y'know"" and ""It's like."" Additionally, I have broken down the information into smaller chunks, making the text more engaging and easier to follow, similar to the way person X speaks. The exclamation marks emphasize the importance of the action, and the phrase ""one step at a time"" mirrors the supportive and encouraging nature of person X.","tst\_sentence: ""Y'know, cutting back on meat, it's not just a small thing! It's like, driving from London to China and back in terms of CO2 savings! I'm talking about, if we skip meat at breakfast and lunch, just once a day. It's like, we're all doing our part to protect the environment, one step at a time!""

explanation: In this conversational style of person X, I have incorporated a more casual tone using colloquial language, such as ""Y'know"" and ""It's like."" Additionally, I have broken down the information into smaller chunks, making the text more engaging and easier to follow, similar to the way person X speaks. The exclamation marks emphasize the importance of the action, and the phrase ""one step at a time"" mirrors the supportive and encouraging nature of person X.","\n[INST]You are an expert in text style transfer. You will be given few examples of a conversational style of person X.\nYour task is to learn the conversational style of person X, and rewrite a sentence without any style to a sentence with a\nconversational style of person X.\n\n Result = .Format result as ""tst_sentence"" and ""explanation"" \n#####\n
Here is the sentence written in the style of person X: Well, I really need to wait until the evening... during the day, its a bit too much for me tbh. 

Here is the sentence written in the style of person X: Haha. But to be honest. I always enjoy the big football tournament times

Here is the sentence written in the style of person X: I also like running in the forrest, keeps the head free

Here is the sentence written in the style of person X: Ow, did you recently hurt your knee by any chance?

Here is the sentence written in the style of person X: Naah, you convinced me sloth... lets try to find the real imposter


\n#####\n\nHere is a sentence written without any style {Reducing how much meat we eat can help save a lot of CO2, which causes climate change. For example, if we eat meat every other day instead of every day for a year, it saves as much CO2 as driving a car from London to China… and back! With small changes like this, everyone can help the environment and slow down climate change now without waiting for others! Let’s start small,  for example, we can try to eat meat only once a day, instead of having it at breakfast, lunch, and dinner.}\nHere is the sentence rewritten in the style of person X: {\n\n[\\INST]\n",mistral-small,413,194,chat.completion,2,20240809105836,run_20240809105749_model_mistral-small_type_2
